{
    "Activation": "CastCard",
    "AuraCurseBonus1": "",
    "AuraCurseBonus2": "",
    "AuraCurseBonus3": "",
    "AuraCurseBonusValue1": 0,
    "AuraCurseBonusValue2": 0,
    "AuraCurseBonusValue3": 0,
    "AuraCurseImmune1": "",
    "AuraCurseImmune2": "",
    "AuraCurseImmune3": "",
    "CharacterStatModified": "None",
    "CharacterStatModifiedValue": 0,
    "DamageBonusFlat": "None",
    "DamageBonusFlat2": "None",
    "DamageBonusFlat3": "None",
    "DamageBonusFlatValue": 0,
    "DamageBonusFlatValue2": 0,
    "DamageBonusFlatValue3": 0,
    "DamageBonusPercent": "None",
    "DamageBonusPercent2": "None",
    "DamageBonusPercent3": "None",
    "DamageBonusPercentValue": 0.0,
    "DamageBonusPercentValue2": 0.0,
    "DamageBonusPercentValue3": 0.0,
    "Description": "When you play a Song, reduce the cost of the highest cost Elemental Spell card by 1 until discarded. When you play an Elemental Spell, reduce the cost of the highest cost Song by 1 until discarded. (3 times/turn) ",
    "HealFlatBonus": 0,
    "HealPercentBonus": 0.0,
    "HealReceivedFlatBonus": 0,
    "HealReceivedPercentBonus": 0.0,
    "ID": "sopranotrait2a",
    "ResistModified1": "None",
    "ResistModified2": "None",
    "ResistModified3": "None",
    "ResistModifiedValue1": 0,
    "ResistModifiedValue2": 0,
    "ResistModifiedValue3": 0,
    "TimesPerRound": 0,
    "TimesPerTurn": 3,
    "TraitCard": "",
    "TraitCardForAllHeroes": "",
    "TraitName": "Soprano Duality"
}