{
    "ActionSound": "",
    "AutoUnlock": true,
    "Cards": [
        "{\n    \"UnitsInDeck\": 4,\n    \"Card\": \"annoyingwhistle\"\n}",
        "{\n    \"UnitsInDeck\": 3,\n    \"Card\": \"intercept\"\n}",
        "{\n    \"UnitsInDeck\": 2,\n    \"Card\": \"sopranoowlblessing\"\n}",
        "{\n    \"UnitsInDeck\": 2,\n    \"Card\": \"chantofaccuracy\"\n}",
        "{\n    \"UnitsInDeck\": 2,\n    \"Card\": \"spectralcold\"\n}",
        "{\n    \"UnitsInDeck\": 1,\n    \"Card\": \"frostnova\"\n}",
        "{\n    \"UnitsInDeck\": 1,\n    \"Card\": \"sopranobelcanto\"\n}"
    ],
    "ChallengePack0": "skald",
    "ChallengePack1": "cryomancer",
    "ChallengePack2": "bard",
    "ChallengePack3": "glacier",
    "ChallengePack4": "hunter",
    "ChallengePack5": "enchanter",
    "ChallengePack6": "scribe",
    "CharacterDescription": "Longing for Tristan, Isolde will sing and blast her way through the chill winds of hel to reach her love.",
    "CharacterDescriptionStrength": "This character excels at Mind Damage, Songs, and Speed Control",
    "CharacterName": "Isolde",
    "Energy": 1,
    "EnergyTurn": 3,
    "Female": true,
    "FluffOffsetX": 0,
    "FluffOffsetY": 3.40000009536743,
    "HeroClass": "scout",
    "HeroClassSecondary": "mage",
    "HitSound": "",
    "HP": 73,
    "ID": "soprano",
    "Item": "sopranoicysong",
    "MaxHP": [
        0,
        7,
        7,
        7,
        7
    ],
    "OrderInList": 5,
    "ResistSlashing": 5,
    "ResistBlunt": 0,
    "ResistPiercing": 5,
    "ResistFire": -5,
    "ResistCold": 20,
    "ResistLightning": 5,
    "ResistHoly": 10,
    "ResistShadow": 0,
    "ResistMind": 20,
    "Speed": 15,
    "SpriteBorderLocked": "isoldeSilueta",
    "StickerBase": "",
    "StickerAngry": "",
    "StickerIndifferent": "",
    "StickerLove": "",
    "StickerSurprise": "",
    "StickerOffsetX": 0.100000001490116,
    "SubclassName": "Soprano",
    "Trait0": "sopranotrait0",
    "Trait1A": "sopranotrait1a",
    "Trait1B": "sopranotrait1b",
    "Trait2A": "sopranotrait2a",
    "Trait2B": "sopranotrait2b",
    "Trait3A": "sopranotrait3a",
    "Trait3B": "sopranotrait3b",
    "Trait4A": "sopranotrait4a",
    "Trait4B": "sopranotrait4b",
    "CardsSingularity": [
        "sopranobelcanto",
        "annoyingwhistle",
        "icelance",
        "sopranoowlblessing",
        "chantofaccuracy",
        "spectralcold",
        "frostnova",
        "frostbolt",
        "whisperinglies",
        "songofcelerity",
        "chantofinitiative",
        "songofquickness",
        "vexingcrescendo",
        "icicle",
        "nightmare"
    ]
}